Id,Comments
@ashleywoo0611,쫓겨난 왕의 입장에서 쓴 가사는 절망적인데 멜로디는 희망 그 자체..
@jimmy2xrich49,그냥 예술 하나를 만들었네. 언제들어도 소름돋는 가사임..한국정서로 들어도 웅장함과 아련함이 느껴지는데 비슷한 제국주의 콜로니를 가졌던 서양이 이노래는 너무 달콤 그이상일듯
@user-sg3kk7ys4e,여기서 말한 성 베드로가 부르지않는다는것은 노래의 화자가 천국에 갈수없다는소리를 뜻합니다 카톡릭에서는 성베드로가 천국의문을 지키고 있다고 믿기때믄이죠
@SBK_UN,절망적이고 한탄스러운 가사랑은 다르게 신나는 멜로디. 화자인 암군의 푸념은 단 한 사람의 소리이지만 자유를 찾은 국민의 소리는 수억 수천이 함께 부르는 합창이다. 가사와 대비되는 반주는 이런 의미 아닐까
@dkshkanjdlfo,"한가지 재밌는 사실은 이 곡의 제목은 스페인어로 '인생이여 만세' 라는 의미임. 곡의 외적으로 확장해서 보자면 샤를 10세와 7월 혁명에 관한 이야기일수도 있겠지만, 한 권력자가 인생의 마지막에서야 권력이라는게 전부 허상에 불과하다는것을 깨달은 노래라고도 할 수 있다고 봄."
@Duck_Gu_,해석 진짜 지렸네.. '바다도 내 명령에 물러서곤 했지'.. 다른 분들 해석은 후회보다는 자신의 과거 회상이라는 느낌이 들었는데 이분 해석은 몰락한 왕이 과거의 찬란한 영광을 그리워하는 것 같음..
@user-br3gy1to3o,"나의 죽음이 무수한 사람들에게 희망이 된다,,, 어두운 가사와 밝은 멜로디가 이걸 너무 잘 나타내고 있는 거 같아요ㅠㅠ"
@GIBill-po5vr,뮤비는 올드하다는 생각이 들지도 모르지만 노래만큼은 세월이 얼마나 지나도 올드하다는 느낌이 안들듯
@user-po4hv2vx9q,가사를 보니 몰락한 왕의 내면을 현실적으로 잘 나타낸 것 같다  이 노래를 듣고 있으면 묘하게도 마치 내가 이 노래의 주인공이 된 것처럼  왠지 모르게 씁쓸한 감정이 들고 주위에 아무도 없어 혼자가 된 듯 쓸쓸하다
@theodorickim,성베드로: 천국을 관장하는 사도  베드로가 안부른다=지옥간다
@user-cn4xu6kt9e,이건 진짜 들어도 가사가 소름...너무 좋아...
@user-yj9ql7od4d,몰락한 왕이 죽기 전에 인생을 되돌아보며 오래 전 자신을 따르던 백성들의 환호 소리와 너무 후회스러운 과거를 생각하며 부르는 노래가 어우러져서 이런 예술이 탄생할 수 있다니 정말 가슴이 웅장해진다
@user-ef9hh9ov2v,뭐진 모르겠는데 나도 저남자 처럼 들썩들썩함
@HSK9134,viva la vida 이 노래는 진짜 보헤미안 랩소디 뺨치는 명곡이라고 생각함. 노래 하나에 역사적 사건과 인생의 진리 이렇게 많이 담아낸 몇 안되는 노래
@moc5539,내년이면 이 노래도 10살.. 진짜 대단한 밴드.
@Lucky-7777H,"진짜 내한 공연 감동적이였음ㅠ... 내가 격하게 아끼는 가수  콜드 플레이, 오아시스 진짜 넘사벽"
@juicewrld1368,엄청 오래됬지만 전혀 촌스럽지도않고 지금들어도 대단히 좋은음악인듯...
@user-jl9rl1qx6w,캬 명곡 자막까지 있다니 ♭♭
@puddingmukza,콜플 ㅠㅠㅠ 이번 내한 때 못 가서 너무 아쉽다 ㅠㅠㅠ
@pesticide-freemilk,진짜 어떻게 노래가 십몇년이 지났는데 요즘 노래만큼 좋을 수가 있지...
@user-fd6gn9mh9q,콘서트 영상보다 여기까지왔는데 다들 힘냅시다 포기하지말아요
@user-bm8fw2pg5o,잘 듣던 노래라 그냥 지나치려 했는데 번역가 황석희 보고 click함 노래역시 좋고ㅠ그나마 좀 더 알아간것 같다 고맙습니다
@user-pg1fx7pb6r,"뮤비 별로라는 말이 많은데, 전 굉장히 맘에드네요."
@kkaldii27,와 갓석희.. 황석희 번역가님 영화 자막 다실 때마다 정말 감사히 보고 있어요ㅠㅠㅠㅠㅠPeople couldn't believe what I'd become을 이렇게 해석한 건 처음 보네요
@day6717,문장이란게 원래 전체를 보냐 부분적으로 보냐에 따라 의미해는게 다른데 특히 노래는 더 그런 부분이  부각되는거 같음 부분적인 해석 보다는 전체적인 자연스러움이 돋보이는 해석 같네요
@Jerison_kor,직역이 아닌 의역으로 부드럽고 깔끔하게 번역된 가사도 좋아용
@user-kg1sf5fu5f,지금들어도 너무 좋아여 ㅠㅠㅠㅠ 몰락한왕이 노래하듯설명해주는데 중간중간에 들리는 종소리가 꼭 감옥안에서듣는 밖의 종소리가 섞인 느낌임!!
@0oong952,다들 뮤비가 올드하다하는데 나는 요즘에도 이런 뮤비가 나오면 세련될거라는 느낌이든다.....
@dohyunlim5139,"이곡은 멕시코의 화가 프리다 칼로의 마지막 작품 인생이여 만세 (viva la vida) 에 영감을받아 만들어졌다.짧든 길든 굵은 삶은 살았던 사람이 할 수 있는 이야기, 인생이여, 만세"
@juicewrld1368,갠적으로 imagine dragons.cold play같은 밴드가 너무 좋다... ㅠㅠ
@akasha1027,"I used to rule the world  난 세상을 지배했었네  Seas would rise when I gave the word  바다도 내 명령에 물러서곤 했지 Now in the morning I sleep alone  이젠 아침에 홀로 잠들고 Sweep the streets I used to own  내 것이었던 거리들을 청소하네  I used to roll the dice  내가 진군을 명령하면 Feel the fear in my enemy's eyes  적들은 공포에 떨었건만 Listen as the crowd would sing  이제 백성들의 노래가 들리네 ""Now the old king is dead! Long live the king!""  ""옛 왕은 죽었다! 신왕 폐하 만세!""  One minute I held the key  잠시 열쇠를 쥐고 있던 나 Next the walls were closed on me 이젠 방에 갇힌 신세 되어 And I discovered that my castles stand 이제 깨달았네 나의 성은 Upon pillars of salt and pillars of sand 소금과 모래로 된 기둥 위에 서 있음을  I hear Jerusalem bells a ringing 예루살렘의 종소리와 Roman Cavalry choirs are singing 로마 기병대의 합창이 들리네 Be my mirror, my sword and shield 나의 거울과 검과 방패가 되어 주오 My missionaries in a foreign field 이방의 나의 선교사들이여  For some reason I can't explain 말로 설명 할 수는 없지만 Once you go there was never 네가 그 위에 한번 오르게 된다면 Never an honest word 진실함은 존재하지 않네 And that was when I ruled the world 내가 통치하던 그 때 처럼  It was the wicked and wild wind 그 악하고 거세던 바람 Blew down the doors to let me in 나를 그 문으로 밀어넣었네 Shattered windows and the sound of drums  부서지는 창문과 들려오는 북소리 People couldn't believe what I'd become 내가 무엇이 되었는지 사람들은 믿지 못했지  Revolutionaries wait 혁명가들은 기다려 For my head on a silver plate 은쟁반에 얹어진 내 머리를 Just a puppet on a lonely string 단지 외로운 실에 매달린 꼭두각시일 뿐 Oh who would ever want to be king? 그 누가 왕이 되길 원할까?  I hear Jerusalem bells a ringing 예루살렘의 종소리와 Roman Cavalry choirs are singing 로마 기병대의 합창이 들리네 Be my mirror, my sword and shield 나의 거울과 칼과 방패가 되어 주오 My missionaries in a foreign field 이방의 나의 선교사들이여  For some reason I can't explain  말로 설명할 순 없지만 I know Saint Peter won't call my name 성 베드로가 내 이름을 부르지 않을 것임을 나는 알아 [6] Never an honest word 진실함은 존재하지 않네 But that was when I ruled the world 내가 통치하던 그 때 처럼 (Ooohh Ooohh Ooohh Ooohh)  I hear Jerusalem bells a ringing 예루살렘의 종소리와 Roman Cavalry choirs are singing 로마 기병대의 합창이 들리네 Be my mirror, my sword and shield 나의 거울과 검과 방패가 되어 주오 My missionaries in a foreign field 이방의 나의 선교사들이여 For some reason I can't explain  말로 설명 할 순 없지만 I know Saint Peter won't call my name 성 베드로가 내 이름을 부르지 않을 것임을 나는 알아 Never an honest word 진실함은 존재하지 않네 But that was when I ruled the world 내가 통치하던 그 때 처럼"
@2646tammy,크으으 번역의 중요성!! 블로그 아무데나 번역되있는거 읽을 때는 뭔소린가 했는데 이거 보니까 걍 감동..
@user-to5sg3hn9k,몇 천 번을 들어도 질리지 않는 노래. 가사에 감탄하고 갑니다.
@lIllllIlllllIIIIIIIllllIIlIlll,어떻게 노래가사를 이런 내용으로 하려했을까. 대단하네. 진짜
@user-vn5ix3dp8i,콜드플레이는 진짜 가사가 사람미치게하는듯 everglow도 그렇고 가사를 엄청 잘쓰네
@user-kw8qy6bd9y,노래도 노랜데 가사번역이 진짜 기가막힌다... 와....
@user-ic8vb5gi5i,크 떼창ㅜㅜㅜ 쩔었는데
@user-oo6xy1rh4i,진짜 번역 너무 잘 하셨다...
@user-et2ll4nz4i,'시간은 흐른다. 하지만 이 노래는 내 기억에서 잊혀지지 않을 것이다.'
@veryberryblackberry,노래의 배경에 관한 두 가지 해석이 따르는 노래다. 첫째로 프랑스 혁명 이후 폐위된 샤를 10세의 이야기라는 것이다.  그는 혁명과 함께 영국으로 망명한 후 유럽 전역을 전전하다가 결국 이탈리아에서 사망했다.  아울러 그의 형 루이 16세는 노래 가사처럼 '목이 날아간' 신세가 되었다. 이 같은 주장을 뒷받침하는 명확한 근거는 'Viva La Vida'가 실린 앨범 아트워크로부터 나온다. 프랑스 혁명을 소재로 한 미술작품 [민중을 이끄는 자유의 여신]을 그대로 가져왔기 때문이다. 한편 노래 속 화자가 나폴레옹이라는 관점도 있다. 세상을 호령하다가 결국 작은 섬에 유배되어 외롭게 생을 마감한 전쟁영웅이라는 점에서 일면 타당한 주장이다. 세계사 교과서를 방불케 하는 이 같은 해석은 노래가 등장했을 당시 국내 외 각종 커뮤니티에서 활발하게 논의되던 내용들이다.  중재가 필요할 법하지만 애석하게도 진실을 알 수는 없다. 밴드의 보컬리스트 크리스 마틴이 묵묵부답으로 일관했기 때문이다. 늘상 인터뷰에서 들어왔을 질문일 테지만 노래의 기원이 되는 소재가 무엇인지에 관해 그는 명확하게 설명한 바 없다.
@user-pm8ny9jc5o,황석희님 정말 존경합니다 감사합니다
@user-ro2ej7cc3m,정말... 멜로디가 힘들때 힘을 주고 묘하게 중독성 있다니까요 고로 이 곡은 정말 명곡!!
@meowbooks5045,난 그냥 뭐랄까 클래식도 아닌 이런 곡에 이런 가사를 쓰는 것 자체가 전율이 임. 뭘 갖다 넣어도 그냥 감동의 도가니임. 이게 단순히 누굴 생각하고 쓴게 아니고 2중3중 비유였어도 놀라움.  이정도면 문학이라고 생각함...
@user-is6ru3kt9i,어렷을때 진짜 이노래 주구장창 들었는데.. 질리지 않는 노래
@moonsolaria6351,이 노래는 진짜... 들을때마다 어떻게 이렇게 벅차오르게 할 수 있지..? 산 정상 노을지기 직전의 태양앞에 서서 반란군에 의해 상처입은 몸 이끌고 마지막으로 신에게 기도하며 힘겹게 옅게 노래하는 왕이 자동으로 그려짐........
@SSFWL_,진짜 너무 좋은 노래... 가사도 참 독특하고 대단하다
@user-zm9cv7nc6d,몇년전부터 알던 곡인데 영어 가사를 해석해도 뭔가 어수선했었는데 역시 전문 번역가 솜씨가 장난아님을 느낌
@sabinnim,가사가 이렇게 아름답고 멋질수가 감동입니다 ㅎ
@Elly-fe1nf,노래 너무 좋다!   영혼까지 자유로워지는 기분!!!   COLDPLAY♡♡♡
@dms4406,번역 진짜 좋습니다
@user-pz9yc8gp8w,진짜 이노래에 빠짐 너무 좋아
@user-sc2yb7jc4u,2024년에 보는사람 있나요
@user-zs4yg3ek2u,난 유년시절에 순수하게 뛰어놀던 추억을 이야기하는 가사로 읽었는데.. 그땐 내가 진짜로 왕이었고 로마기병들을 이끄는 장군이었고..  그시절 그렇게 순수할수 있음을 그리워하는 느낌?
@user-fz1kj1tz4g,생각날때마다 듣고싶어지는 노래
@creammeatball,이거 자막 달아주시는 거 너무 좋아요... ㅠㅜㅜㅜㅜ 콜드플레이 노래 많이 달아주세요오..
@gkswls994,멜로디부터 가사까지 완벽한 노래에요
@user-sf6sw6go5y,가사를 어떻게 이렇게 쓰지?
@aldisnfisisj,진짜 명곡이야 ㄷㄷ
@user-po4hv2vx9q,혼자 있을 때 이 노랠 듣고 있으면 이 노래가 내 마음과 같은 기분이 든다  그래서 혼자 있을 때 이 노랠 계속 듣게 되는 것 같음
@asdf73737,와.. 번역 진짜 마음에 든다...
@jowoohun,박근혜 생각하면서 들으면 ㄹㅇ 기분 개묘함
@hogumohe,이 곡 처음들었을때 그 전율이 아직 잊혀지지를 않는다..
@FantasistaKr,전주만 들어도 너무 신나네요
@ohho2908,진짜 이 분들은...너무 좋으시다
@user-dw5tt5qo6k,노래랑 가사가 넘사벽이네
@user-qh1vf2jl2q,"I used to rule the world  아이 유즈드 투 룰 더 월드 Seas would rise when I gave the word  씨스 우드 라이즈 웬 아이 게브 더 워드 Now in the morning I sleep alone  나우 인 더 모닝 아이 슬립 어론 Sweep the streets I used to own 스윕 더 스트리츠 아이 유즈드 투 온   I used to roll the dice  아이 유즈드 투 롤 더 다이스 Feel the fear in my enemie's eyes  필 더 피어 인 마이 에너미스 아이즈 Listen as the crowd would sing  리슨 애즈 더 크라우드 우드 싱 Now the old king is dead, Long live the king 나우 더 올드 킹 이스 데드, 롱 리브 더 킹   One minute I held the key  원 미닛 아이 헬드 더 키 Next the walls were closed on me  넥스트 더 웰즈 워 클로즈드 온 미 And I discovered the my castles stand  엔 아이 디스커버드 더 마이 캐슬스 스탠드 Upon pillars of salt and pillars of stand 어폰 필러스 오브 솔트 엔 필러스 오브 스탠드   I hear Jerusalem bells a ringing  아이 히얼 예루살렘 벨즈 어 링잉 Roman Cavalry choirs are singing  로만 카버리 콰얼스 알 싱잉 Be my mirror, my sword and shield  비 마이 미러, 마이 소드 엔 쉴드 My missionaries in a foreign field  마이 미셔네리스 인 어 포린 필드  For some reason I can't explain  퍼 썸 리즌 아이 켄 익스플레인 Once you go there was never  원스 유 고 데어 워스 네버 Never an honest word  네버 언 어네스트 워드 But that was when I ruled the world  밧 댓 워즈 왠 아이 룰드 더 월드  It was the wicked and wild wind  잇 워즈 더 윅크드 엔 와이드 윈드  Blew down the doors to let me in  블류 다운 더 도어스 투 렛 미 인  Shattered windows and the sound of drums 쉐터드 윈도우즈 엔 더 사운드 오브 드럼스  People couldn't believe what's I'd become  피플 캔트 빌리브 웟츠 아이드 비컴   Revolutionaries wait  레볼루셔네리스 웨이트 For my head on a silver plate  퍼 마이 헤드 온 어 실버 플레잇  Just a puppet on a lonely string  저스트 어 퍼펫 온 어 론리 스트링  Oh who would ever want to be king? 오 후 우드 에버 원투비 킹?   I hear Jerusalem bells a ringing  아이 히얼 예루살렘 벨즈 어 링잉 Roman Cavalry choirs are singing  로만 카버리 콰얼스 알 싱잉 Be my mirror, my sword and shield  비 마이 미러, 마이 소드 엔 쉴드 My missionaries in a foreign field  마이 미셔네리스 인 어 포린 필드   For some reason I can't explain  퍼 썸 리즌 아이 켄 익스플레인 I know Saint Peter won't call my name  아이 노 세인트 피터 원트 콜 마이 네임 Never an honest word  네버 언 어네스트 워드 But that was when I ruled the world  밧 댓 워즈 왠 아이 룰드 더 월드  I hear Jerusalem bells a ringing  아이 히얼 예루살렘 벨즈 어 링잉 Roman Cavalry choirs are singing  로만 카버리 콰얼스 알 싱잉 Be my mirror, my sword and shield  비 마이 미러, 마이 소드 엔 쉴드 My missionaries in a foreign field  마이 미셔네리스 인 어 포린 필드  For some reason I can't explain  퍼 썸 리즌 아이 켄 익스플레인 I know Saint Peter won't call my name  아이 노 세인트 피터 원트 콜 마이 네임 Never an honest word  네버 언 어네스트 워드 But that was when I ruled the world  밧 댓 워즈 왠 아이 룰드 더 월드"
@user-xy1kc2bc7s,콜드플레이 팝송 음악 듣어면 미졌버리는팝송 음악 저절로 신이나요
@ngh1791,번역 너무 좋아요.
@mumu_655,드디어 번역을 해주셨어!
@user-oe7eh3do9c,버스에서 오랜만에 비바라비다 들어서 넘 좋아서 다시 들으러왔는데.. 역시 명곡은 명곡이군
@kksj1431,와 번역 너무 좋다..
@hyeunsuem9926,신나는 멜로디가 멋지고 쓸쓸함기분가사는 오히려 자유인이되는 나를찾는 웅장한음악 감사합니다
@user-wo7oy5eu2t,가사가 왜이렇게 기억에 남는거지ㅠ
@shay9237,"콜플 레전드곡이라 생각합니다 viva la vida, yellow,  fix you, in my place는 리얼 역사책에라도 써져야 할 명곡들"
@user-yr5qj1nx9h,언제들어도 띵곡
@false_positivity,이보다 완벽한 의역을 본 적이 없습니다. 황석희 번역가 만세.
@manice5371,저는 중간에 나오는 팀파니의 리듬이 정말 좋아요. 락에서 여러가지 클래식 악기를 사용해서 웅장한 리듬을 만드는게 독특하고요. 그래서 오오오~~ 하는 떼창이 더 사는 거 같아요.
@jinyoo160,"이분 너무 해석 잘하셔,,"
@beautifulsnow6289,노래 너무 좋아!!!!
@user-mg9lv4ee4s,노래 진짜 좋다
@hayden1958,ㄹㅇ 어느시대에도 어울리는 노래
@user-cd8tk2vi9q,이런게 명곡이지
@lololotte911,가사 너무 좋다고 생각하고 내렸는데 댓글ㅋㅋㅋㅋㅋㅋㅋㅋㅋㅋ빵터짐 ㅠㅠㅠㅠ
@lunacycy3322,번역좋네요 굿굿 추천에 구독
@user-jn7ou5dk9e,ㄹㅇ간지 그자체
@JohnDoe-be9pn,"역사란 승자의 이야기, 그 안에 남아 있는 것은 승자의 명분과 승자의 사정일 뿐. 그것이 진실인지 아닌지는 알기 힘들다."
@user-qx2rk8dl1l,그냥 잘 모르고  듣다가 슈퍼밴드님들 덕분에귀에콕! 고맙습니다
@cs.un.9280,자막감사합니다
@user-ks1xk4xm8s,"I used to rule the world Seas would rise  when I gave the word Now in the morning I sleep alone Sweep the streets I used to own I used to roll the dice  Feel the fear in my enemy's eyes Listen as the crowd would sing Now the old king is dead, Long live the king One minute I held the key Next the walls were closed on me  And I discovered that my castles stand Upon pillars of salt and pillars of sand I hear Jerusalem bells a ringing Roman Cavalry choirs are singing Be my mirror, my sword and shield  Missionaries in a foreign field For some reason I can't explain Once you go there was never Never an honest word that was when I ruled the world  It was the wicked and wild wind Blew down the doors to let me in Shattered windows  and the sound of drums People couldn't  believe what's I'd become Revolutionaries wait For my head on a silver plate  Just a puppet on a lonely string Oh who would ever want to be king? I hear Jerusalem bells a ringing Roman Cavaly choirs are singing Be my mirror, my sword and shield  My missionaries in a foreign field For some reason I can't explain I know Saint Peter won't call my name Never an honest word But that was when I ruled the world"
@kkrecto7453,콜드플레이는 한국의 미래를 알고있었..다....
@mysky9119,정말 명곡...
@user-lu7rg8pm6d,아름답다 진짜 명곡
@user-qc1hr4mq7q,이  번역가분 영화 데드풀 번역가 아니셨나?
@user-lu4tf9ci1b,와 진짜 나 2013년인가초3 그때 마인크래프트 무너진 왕국 듣고 너무잘부르는데 싶더니만 이그룹 노래였구나 와 진짜 레전드네 ㅋㅋㅋㅋㅋㅋ게다가 번역조차도 빛석희가 했구나 와 존경스럽다 진심;;;가사도 레전드 뮤비도 좋은것같고 그냥 좋다 진짜 웅장하고 딱 왕국의 느낌이 드러남 ㄷㄷ
@kunhyungkim5325,So gorgeous song i have ever heard...
@user-du4mw2jq7o,진심 홀딱반함 멋짐 영어가사를 보고 감동하긴 처음 와우^^~
@user-cy5xn9ej9n,a sky full of stars 도여!
@daddyson4368,(정보)Viva la vida 뜻은 인생이여 만세 이다.
@jjs030828,내 콜플 입덕곡 크으ㅠ
@user-yy3ly2qr2l,ㄹㅇ 띵곡;;
@Y21U4,인생이여 만세
@go5921,아무리 위로가도...아무것도..없다 이건가...좋은 노래다
@Kimoss0211,노래 너무 좋다
@user-zx8bi8ee5n,뮤비 기엽다!!
@user-po5cb9il5n,자세히 들어보니 people couldn't believe what i become 으로 들리는 부분이 나도 날 믿을 수 없다고 해석되어 있네염 ㄷㄷ;;
@user-hg5rz5iw3l,"와............ 우리 나라에선 물론 좋은곡들 많지만 절대 이런 연주뿐만 아니라 가사, 예술적인 측면에서 웅장하고 완벽한 곡은 못만들거야"
@8LJAYBIGI,첫비트가 나오자마자 저절로 몸을 들썩이게 만드는 노래
@user-sr3er4vx7w,아노래 너무 좋다 진짜 가사를 찐자 잘썻네 너무 노래중 탑이고
@RechoTZ,갓갓
@user-ds3db9ny1p,헐 님들 이거 갓석희께서 번역하셨답니다.. 어쩐지 가사가 번역이 잘됐더라 ㄷㄷ
@ElysiaK,이 노래는 계속 들어도 질리지 않는다 개띵곡임 ㄹㅇ
@user-tj4wo7tk5f,존잘.....
@user-mz1vl9oz7w,"나는 절대권력의 주인이 였음 그러나... 혁명으로 길거리에서 숨어지내는 혹은 길거리 쓰레기나 치우는 노예가 아니면 어느곳에 감금되 죽음을 기다리는중... 혁명가들이 내목을 베어 수급을 은쟁반 위에 올려 혁명을 완성해야한다 주장 절대군주였던 내가 이제는 외줄에 매달린 꼭두각시에 불과함을 느낌. 내가 그리 탐하던 모든것들이  바닷가앞 모래성에 불과하단것 (인생무상)을 깨달음. (참고로 가사적으로 죄의 도시 소돔을 가르킴 즉 내가 쌓아올린 부,명예, 권력은 죄를쌓은것이나.다름없음) 인생을 되돌아보니 나의 욕망으로 인한 업보로 인해 베드로(베드로는 예수님 한테서 천국의 열쇠를 받은 천국의 문지기)께서는 날 부르지는 않을것이라 자책하며 나는 천국에 갈수없다 절망함. 풍전등화 같은 상황이 다가오자. 내가 군주이던 시절 내귀엔 백성의 소리가 들리지 않았으나 이제는 그들과 같은위치에서 그들의 소리가 들리고 절대권력으로도 얻지 못하던 소소한 행복들을 깨달음. 그렇게 내가 모든걸 내려 놓고 참회하자 예수살렘의 종소리와 로마기병대의 합창소리가 들림  내가 살고 있는   아! '인생 자체가 내 마음먹기에 달렸구나 아아 인생이여 영원하라!!!"
@ejjsmdns7610,많은사람들이 이노래를 수백번 이상 들었겠지만 들을때마다 전주부터 소름돋음 ㄹㅇ
@user-sk8rh5bg6w,이건   명곡이다 오늘  내일도. ♡♡.
@Roki0930,콜드플레이 가수인생 최고의명곡. 노래의 모든것이 나의 가슴을 뜨겁게만들어버린다. 정말 사랑하는노래.
@user-kq8tb8hf5i,4분 몰왕 ㅅㅌㅊ
@superstrongsans,패닉앳더디스코 노래도  번역좀 ㅠㅠ 노래 띵곡인데
@user-tz5fu5fx2o,ㄹㅇ 너무좋앙 위너 만만세
@user-yp4fr2qv9f,평단과 관객을 사로잡았던 콜드플레이 최고의 역작.. 크으 취한다
@user-ie2wj9km3h,뭔가 나의 인생예기를 말하는 노래같아서 위로가 됩니다.
@user-ro2qr1vq3c,젊고 힘이 넘칠 때 모든 것이 내 것 같았지만 늙고 병들고 난 후 그것들이 의미 없었다는 것을 깨달았다는 의민가
@KreiZdog,와 예술 그 자체다.
@user-ou9bn7tl2c,진짜 잘 만든 노래
@muffinchoco53,항상 이 노래는 저에게 웅장한 느낌을 주네요. 마치 처음 찾은 매 들을 때마다 감회가 새롭네요. 콜플 사랑합니다...//// 뮤비 멜로디 가사 다 좋네...>w<
@user-eu4qt3dw9d,저 노래가 10년됐다니ㅠ_ㅠ 10년만에당신들을 아네요 미안해요 노래는 음맹인저에게도 명곡이네요 파마머리 당신잘생겼네요ㅎ
@user-fe8es1hl8c,아....이노래 너무좋아ㅠ
@minalee2055,10년이 지났는데도 좋은 노래
@biquit,"그냥 역사 관련해서 취미삼아 공부하는 사람인데 이 노래 듣고 인물 몇 명이 생각난다.  첫 번째 인물은 청나라 마지막 황제이자 만주국의 초대, 최후의 왕인 푸이. 이 인물은 폐위된 이후 중화인민공화국의 식물원에서 일했는데 노래에 나온대로 자신의 것이었던 길을 청소하는 것이다.  두 번째 인물은 로마의 마지막 황제 팔라이올로고스 11세. 그는 아나톨리아를 점령하고 발칸 반도에서 급성장하는 세력이었던 오스만에 대항하는 인물이었다. 로마의 황제인 만큼 정교회인이었고 4차 십자군을 통해 동로마를 한 번 멸망시켰던 카톨릭과는 조금 거리가 있는 인물이었다.(하지만 오스만에 대항하기 위해 교황청에 십자군을 요청하기도 하고 굴욕적인 동서재결합을 추진하기도 했지만 불발되었다.) 즉, 베드로를 초대 교황으로 보며 교황은 베드로로부터 천국의 열쇠, 즉 수위권을 계승받았다는 카톨릭의 교리와 상반된 인물이기에 베드로는 그의 이름을 부르지 않을 것이라 말한다고 생각된다.  마지막 인물은 루이 16세. 우리가 잘 알고 있는 프랑스 대혁명 당시의 왕이다. 카페 왕조의 방계인 발루아 왕조의 인물이며 이전 역사가들의 평과는 다르게 요즘에는 대단한 능력을 가지고 나라를 구원하기 위해 노력한 인물은 아니지만 자신이 할 수 있는 범주 내에서 최선을 다 한 인물로 재평가 받기도 한다. 그의 최후는 파리 시민들이 보는 앞에서 길로틴에 의해 목이 잘리는 것이었다."
@user-je4zr5wn3z,이 노래가 좋긴좋은데 마크에서 무너진 왕국이라는 주제곡으로 나왔는데 마크 하는 아이들이 이거 마크 노래라고 뭐라뭐라 떠벌리는거 너무 싫어...이 좋은 노래가 마크 노래가 된다는게 좀 기분이 묘해...
@_radiant_01,크 가사좋네요!!!! 그나저나 십년전 마틴 완전 꽃돌이였어ㅠㅠㅠㅠ
@yjh5229,이 노래를 안지도 벌써 6년... 시간 참 빠르다
@Sdh-jn6cv,2021새해 첫날 출석
@ccrnetwork,전에 다니던회사 사장이 좋아하던 노래였는데 본인은 멜로디가 좋아서 좋아하던거고 가사는 전혀신경 안쓰던데 그때 가사내용을 알던 나는 속으로 웃을수밖에 없었지
@user-hu7lx7rj7s,천재다
@alicesuh3997,구원받으렴
@user-tw4cs9yh3l,내한가고싶었지만ㅠ...다음엔 진짜가고싶다
@anb00,"전엔 못느꼈었는데 먼가 가사에 종교색이 강했구나 ㅇ,ㅇ 비유적표현이겠지만 굉장히 청교도스런 노래넹"
@jagan5779,전주에서 닭살이 돋게 만드는 노래 중에 1등인 거 같다.
@zizzi420,언뜻 6년전 이 노래른 알게되었지만 지금까지도 꾸준하게 듣는 노래인데 벌써 10년이나 됬네요..
@user-bc2zl5lr2q,뮤비 중간중간에 보컬이 몸 부자연스럽게 움직이는거 꼭두각시 인형 말하는건가요
@user-jv1fo4es9y,"확실히 밴드는 영국임 비틀즈, 퀸, 콜드플레이니까 더이상 말은 필요없음 ㅇㅇ"
@iliilllliIilllliii,부질없고 허망한 가사랑 웅장한ㅁ멜로디 각각 그리는 감상이 정반대인 대비감때문에 두가지 감상이 더 극대화되고 노래를 들을때 느껴질수 있는 감정의 폭이 다채로운듯
@user-ep7sx4rj2t,이노래 내가 어렸을때 좋아서 혼자 해석하느라 힘들었었는데 벌써 어른이네 ㅋㅋ
@melxlyou6760,avicii - wake me up 은 어려울려나요 .. ?
@qkr12105,진짜 이 노래는 수십년 뒤에들어도 전혀 옛날느낌 들지않을듯
@tmeoakstp,"2:04 혁명가들은 기다리네, 은쟁반에 올려진 내 머리 -> 혁명가들은 독재 정치를 하던 왕을 참수, 그리고 그의 머리는 쟁반에 올림  2:13 외줄에 매달린 꼭두각시여, 누가 왕이 되고싶어 할려나? -> 개인적인 해석으론, 예수를 뜻한다고 봄 죽은 후 예수에게 본인이 죽은 후에 그 누가 왕이 되고싶어 얼마나 싸워될지를 말했다고 생각함"
@rileygale_,킹석희....
@user-im3ni3ym7o,영국은 음식을 버리고 음악 특히 밴드를 얻었네
@030sera,이제 방에 갇힌 신셐ㅋㅋㅋㅋㅋㅋㅋㅋㅋㅋㅋㅋㅋㅋㅋㅋㅋㅋㅋㅋㅋㅋㅋㅋㅋ 그 언니가 생각나네 갑자기 에헴ㅋㅋㅋㅋㅋㅋㅋㅋㅋㅋㅋㅋㅋㅋㅋㅋㅋㅋㅋ
@user-ou6fc6hs2x,Very fun!!!
@user-ve4ox8pr6t,"I used to rule the world  Seas would rise when I gave the word  Now in the morning I sleep alone  Sweep the streets I used to own   I used to roll the dice  Feel the fear in my enemy's eyes  Listen as the crowd would sing  Now the old king is dead, Long live the king   One minute I held the key  Next the walls were closed on me  And I discovered the my castles stand  Upon pillars of salt and pillars of sand    I hear Jerusalem bells a ringing  Roman Cavalry choirs are singing  Be my mirror, my sword and shield  My missionaries in a foreign field   For some reason I can't explain  Once you go there was never  Never an honest word  But that was when I ruled the world   It was the wicked and wild wind  Blew down the doors to let me in  Shattered windows and the sound of drums  People couldn't believe what's I'd become   Revolutionaries wait  For my head on a silver plate  Just a puppet on a lonely string  Oh who would ever want to be king?   I hear Jerusalem bells a ringing  Roman Cavaly choirs are singing  Be my mirror, my sword and shield  My missionaries in a foreign field   For some reason I can't explain  I know Saint Peter won't call my name  Never an honest word  But that was when I ruled the world   I hear Jerusalem bells a ringing  Roman Cavalry choirs are singing  Be my mirror, my sword and shield  My missionaries in a foreign field   For some reason I can't explain  I know Saint Peter won't call my name  Never an honest word  But that was when I ruled the world"
@user-cf3gi9pi3b,콜드플레이 노래는 개인적으로 hymn for the weekend하고 이 노래가 최고라고 생각함!!
@doodobird,하....당신들....평생 음악해줘..
@dumchitx2,띵곡
@IlIlIIllllll,이 노래를 들으면 머리에 황금왕관쓰고 군복입고 돌아다니는 지하철 할아버지가 생각난다 몰락한 지난 시절의 자존감의 공백을 채우기위해 나는 세상에서 가장 높은존재다 라고 하며 그런 복장을 입는 그런 쓸쓸함. 나중에 여중생 골목에서 위험에 처할때 그 할아버지가 나만 믿으라며 여중생 도망치게 하고 자신만만한 미소로 떨리는 다리 내리치면서 나는 이 군대의 신이다 가자 병사들이여 외치면서 돌격하는 장면 뮤비로나왔으면좋겠다
@user-bl2yl3ir6j,한가지 슬픈점이 이제 크리스마틴의 저 파마머리를 볼수없다는것..... ㅈㄹㄴㄹㅁㄹㅁㄹ...ㅠ
@jkim2757,좋다
@user-xv3qz7tw9i,왜이렇게...지금시대에ㅔㅔ 어울리는 곡이다..
@user-tj1sg6fp6i,설마 이 황석희분이 그 갓석희..??
@hyonwoolee9862,황석희 번역가님 데드풀 번역하신분 아니신가요?
@WhoNeedsShoryuken,워너코 공식 체널 맘에든다 계속 해줘요!
@user-cn8kz9pe9n,2019년에도 들으러 왔다. 콜드플레이만세
@longlivethegombo,"진짜 딱 샤를 10세를 말하는거 같다, 나폴레옹의 몰락과 함께 빈체제 하의 감시를 받는 프랑스의 상황을 지켜보았고 왕으로 옹립되었지만 결국 폭군으로 몰려나 영국으로 쫒겨나고 자칭 시민의 왕이라는 루이 필리프가 등극하는 모습을 봤을 때 이런 기분이었을까"
@topidiot06,3:43 ???:떼노스...
@indie8639,정말 언제들어도 절대 촌스럽게들리지 않을것같다
@user-lb2tq3ir1j,노래 정말 기가막히네..
@ryu1781,키야 황석희 번역가님이 하셨네 이번 인피니티워도 이분이 번역하셨으면ㅠㅠ
@user-sk9pm6uv8j,Viva la vida 뜻이 뭔가요?
@ALVINGZX,감동적인노래
@user-bq8do5rr4h,뜻을 알고 들으니까 슬픈노래네 흥겨워서 즐겁게 들었었는데
@user-kf7pk9hg5q,2021?
@davidlee252,이 노래 듣고 느낀 것으로 성경책이 떠오릅니다 여러가지 상황속에 인물들이 가사로 나타냈을 때 정리하자면 모세->다윗->베드로->솔로몬  마지막 예수 들을 때 뭔가 정리가 안돼고 했었던 것이 한 인물이 아니라 다수 인물들의 입장을 종합한 것으로 여겨졌습니다 그런대 중요한 것은 종교에 대한 인식으로 듣는 것이 아니라 그저 평범하게 듣고 있는 것입니다. 그래서 이 노래는 킹왕짱입니다.
@user-ju4wk7wc3p,개띵곡 콜드플레이는 다좋은거같다
@user-cj6eb6wx3n,안정적 마무리 황.석.희
@user-ih3vi3hg7z,이노래 들으면서 어쌔신크리드 유니티 해봐라 지린다
@user-hs1rd4jv4h,계속해서 하는 동작이 먼가 황홀해야
@gun10151,와아...
@boklimok,모두가 원한다 이 노래를 감동에 마음이 저려온다 이거 노래인가 마법인가
@herobrineamazingmc,설명충) 성 베드로가 자신의 이름을 부르지 않는다는 말은 자신은 천국에 가지 못한다는 뜻입니다.
@user-ow4cy4dw2p,여기 번역자 데드풀번역자임ㅋㅋㅋ
@dhwlatjr289,굿
@user-fo6yy5ei8l,난 뮤비도 왤케 좋냐
@user-tm3wb7bl2f,근혜 미래를 예언했던 명곡이었다...
@user-vu6qk9wk4c,콜플이 전범기 걸었다는게 개소리라는걸 조금만찾아봐도 알텐데 루머퍼트리지 마라
@user-dg1cf2jr8x,서키님이랑 콜플이라니.. 이건 좋아요 해야해..
@user-nx6jd6ui8s,가슴이 웅장함의 끝이다.....
@user-ro6jt3ky3w,우리나라 가사특 너를 사랑했네 너를 만나고 너를 못봐서 너가 있어서  우리나라는 Viva La Vida 같은 가사의 노래가 없는듯
@funjust7839,왕좌의게임 ost인줄
@user-tb8ve7yq3e,와~~우
@user-ee5bd1iv6t,추억돋네
@user-rx9cc9gt7b,초딩들: 이거 마크 무너진 왕국 노래 아님? 왜 베낌?
@user-dy9en3uk6d,타노스가 또...
@user-om9hq5uf9p,첫가사부터 소름이었지 번역까지 해주었으니 널리 알려라
@user-in2yd2sc5f,A sky full of stars도 띵곡이던데 ㅎㅎ
@user-zv9ed1vb8g,루이16세 입장에서 쓴 가사같은 기분은 모지..
@sionjoe7749,어릴적 유럽서 오래 살았는데 진짜 이런 노래 분위기임 음율 조차 서유럽 느낌이 들어서 이밴드가 얼마나 준비를 잘했는지 알수있었음
@user-fh4rp2kj6q,파리에서 이 노래 버스킹하는 거 봤는데 잊을 수 없었다..
@PantherII,와...
@black-pill,갓석희
@user-hv9de1qy8p,??이거 2008년건데 왜 갑자기 올라옴??
@user-vi2jw2ee6s,마지막에 타노스왔네
@CuteJengho,와.. 몰락한 왕의 모티브곡이라서 마지막에 사라져가는 디테일 ㄷㄷ 명곡이야ㅜㅜ
@akssusvlfRkRrl,퀸이 생각난다...정말 두 가수 다 대단하다ㅠ
@magic_icecream,"""이 노래는 인류의역사가 비디오게임 이라면 앤딩 크래딧으로 나올 노래이다"""
@mrwayne6098,자꾸 박근혜 얘기나오기까 열받네 콜플의 성지에 이런...
@user-zj7ym2nq8m,황석희...그는.....
@MoneyBall2011,와 개씹간지ㄷ
@user-sr8rj2rd2v,콜드플레이 크리스찬인가요??
@user-np3hc5pc3g,박근혜..
@compositricecile,콜드플레이는 이때 음악이 가장 좋은 것 같다
@CMC93.7.15,내 세상을 지배했었네 자신의 삶에서는 그누구도 아닌 자신이 신이고 자신이 왕입니다 올바른신이되고올바른왕이됩시다
@user-vo3ep1yk3j,어이 503 보고있나
@user-ms7wm2ju7u,박근혜 내려오는날 배철수 오프닝이 이곡이였는데
@user-xv6tu4mb8t,기분 축 처질때 이 노래를 들으면 가슴이 항상 뭉클해진다.
@user-ob8uv2fd9g,조으네
@user-xg7zs3nl4f,탄핵가
@loserkim4951,명박이도 구속가즈아아아아아아아ㅏㅏㅏㅏㅏㅏㅏㅏㅏㅏㅏㅏㅏㅏㅏㅏ
@Pop-ei4mx,혁명의 노래
@hjy4953,2021 에도 들으러와요.
@snowsong5557,박근혜ㅋㅋㅋ
@sigle_92,저놈의 베드로땜에 종교로 물고 늘어지는 인간들이 많네 쟤들은 기본 사상 자체에 기독교가 깔려있어서 저런 가사가 나온 것 뿐인데 말이다.  OMG가 왜 세상에! 정도로 번역되는지 생각도 못하나....
@user-mw2ej8ov7k,콜드 플레이...ㅠㅠㅠㅠㅠㅍ
@user-zs3ro4jy5w,사람들이 콜드플레이 콜드플레이 하길래 들어봤더니 온몸에 소름이 끼치네요
@user-lq9em8xr7e,뮤직비디오는 되게 촌스럽네 ㅋㅋ
@user-jz8bf1nh7y,문재인 생각하면서 들으면  ㄹㅇ 기분 개묘함 2019버전
@oceancoreen,몇년째 듣고있는지 모르겠네 대명곡
@stellay8022,목소리 ㅠㅠㅠ
@jabalidrago796,노래는 10년이 넘었지만 항상 새로운 노래......
@puddingkko,허....섬뜩한 노래인데... 멜로디도 뜻을 알게되니 무섭게 들리네 좋았던 날을 회상하는듯한 감정과 추락의 감정을 동시에 느낀다.
@user-hs9ln8dk1j,빨리 콜플인터뷰 영상 올려주세요....ㅜ
@uxrql,콜플 내한 가고 싶다 ㅠㅜㅜㅜㅜㅠㅠㅠ 비바라비다 떼창각인데 ㅜㅠㅠㅠ
@user-wj5ey3og3t,허허 이게 2008년도 노래 인데 개추억
@jaylee7923,벌써 10년전이네 이 노래 처음 들은지
@user-ir2dh2xg6v,개쩐다..
@user-go4fl3vp5i,
@user-cx2kz4hc7j,
@shortcut113,혹시 신청곡 받으신다면 tuxedo-do it도 부탁드려요~!!!ㅎㅎ
@gloriachoi655,Liam Gallagher의 For what it's worth 해석 좀 해주세요..!!!
@user-cn6hv3qh5j,오오 오~오~오~
@TRISTAN_IS_MY_NAME,
@binkim4057,와 작년에 이노래를 옷가게에서 처음 들어서 신곡인줄 알았는데 10년이 지난곡이었다니;;;
@whereuat7725,All your friends coldplay 번역이요
@user-wi9tf3zm7w,"베드로가 부르지 않아도..지옥에 간다한 들 그 누군가가 부르신다한 들, 그 전에는 꼭 한번은 듣고싶은"
@qkftl7510,"I used to rule the world Seas would rise when I gave the word Now in the morning I sleep alone Sweep the streets I used to own I used to roll the dice Feel the fear in my enemy's eyes Listen as the crowd would sing ""Now the old king is dead! Long live the king!"" One minute I held the key Next the walls were closed on me And I discovered that my castles stand Upon pillars of salt and pillars of sand I hear Jerusalem bells a ringing Roman Cavalry choirs are singing Be my mirror, my sword and shield My missionaries in a foreign field For some reason I can't explain Once you go there was never Never an honest word And that was when I ruled the world It was the wicked and wild wind Blew down the doors to let me in Shattered windows and the sound of drums People couldn't believe what I'd become Revolutionaries wait For my head on a silver plate Just a puppet on a lonely string Oh who would ever want to be king? I hear Jerusalem bells a ringing Roman Cavalry choirs are singing Be my mirror, my sword and shield My missionaries in a foreign field For some reason I can't explain I know Saint Peter won't call my name Never an honest word But that was when I ruled the world I hear Jerusalem bells a ringing Roman Cavalry choirs are singing Be my mirror, my sword and shield My missionaries in a foreign field For some reason I can't explain I know Saint Peter won't call my name Never an honest word But that was when I ruled the world"
@user-de8le1nf1y,뒷 배경이 '민중을 이끄는 자유의 여신'그림인게 더 소름이네.. 예술이야 진짜
@Leoissougly,라떼는 말이야
@JY-on1jn,"종소리랑 워어어어어~라던지, 뒤에서 들리는 합창소리가 참 좋단 말이지 중세의 신성하면서도 어두웠던 그 느낌이 확 짙어져서"
@user-pw6rv3qc9y,1:17 손 뒤로 뻗는거 개웃기네 ㅋㅋㅋㅋ
@user-gl5is9kw2o,"2:03초에 ""people couldn't believe whay I become""은 해석이 내가 이렇게 될걸 사람들은 믿지 않았지 아닌가염"
@kittycatara,
@user-oq1vh9wk7y,가사를 계속  느껴본다.
@youtoube4492,콜드플레이 만세
@nyoung99,Muse의 Neutron star collision 번역 부탁드려요!!!
@ymlee3556,대단한 노래네 ~
@user-lw1ip6mf3e,노래를 듣고 놀라고 가사를 보고 놀란 노래는 이 노래가 처음이다
@user-ck2xh6lq1s,단 한 단어로 표현 할 수 있는곡 갓.곡
@JaiGuruDevaOm-NGCMW,The cab의 Angel with a shotgun도 부탁드립니당
@damienlee9202,진짜 마틴 존잘러야 ㅜㅜ
@L_OVESOME,전 이노래의 멜로디가 마냥 합창같고 찬란하게 들리진않네요 시민들의 입장에서 들었을땐 이 노래의 멜로디가 화려하고 새 시대를 맞이하려는 진격하는 웅장한 악단의 음악소리같겠지만 왕에게 감정이입을한다면 한때 찬란하게 살았던 왕이 하루아침에 무너지는.. 찬란한 노을을 듣는것같아요 멜로디와 가사가 너무 잘어울려요
@wwedyrgmd8398,스토리가무엇인가요 (정말궁굼 가사 가 정말.... 좋네요) (명곡)
@jhm9135,모니터 스피커로 들으니까 사운드 개지린다;;
@user-cw8wb9gj8y,ㅁ아침 알람
@cmc02ri52,this love 좀 해주십셔 ㅠ
@keunwoolee2868,"이 노래는 한 마디로 ""전설""이다."
@HEXAGON_HEXA,이 노래 스토리를 완벽적으로 해석이 가능한 시람은 답변 부탁드려요 노래를 알긴 한대 자세하게 몰라서요ㅠ
@user-Bigjjamtiger,먼 미래에 클래식이 될 몇 안되는 노래중 하나
@Ohzyworld,뭐야.... 나 이런 내용인줄 몰랐어..... 너무 소름돋는다. 그저 즐거운 노래인 줄만 알았는데...
@myjju1231,ㅋ 뮤비가 꽤 멋있네요
@pure8842,가사 모르고 알람으로 들어도 기분 안 나쁘던 노래...
@CHOIIX.,뭔가 슬프다...
@Bongbongtwo,콘서트 가서 직접 가수가 부르는거 들으면 소름 돋을 노래중 하나
@soonapark9405,이 노래 처음 나왔을때 2008년  이었나....참 충격이었는데 ㅎㅎㅅ
@user-xv3qz7tw9i,가사..What I feel through my experience through daily life...
@user-il9tz1ew5i,멜로디 목소리 이미 성공한.. 사람들..
@Joey_Jeong,차타고 라디오 들으면서 오다가 이 노래가 나오길래 다시 들어보게되네요 ㅎㅎ
@user-xw1by8ch3j,13년 전이네 이노래가
@user-ee5kz3sh2k,이 노래가 벌써11년이나 됬다니..
@user-wo9yj8on3z,와
@user-qw3zk6zz3d,이게 08년도 노래라고? 지금 들어도 전혀 어색하지가 않네
@user-hq2kr2wx1h,크킹3 나오면 꼭 이 노래를 들으면서 하고말겠다 겜 망해갈때 듣고잇음 ㄹㅇ 과몰입 쌉가능일듯
@user-ex8ju5dh2t,3:43 어벤져스 스포 ㄷㄷㄷㄷㄷ
@user-fu1og9xh3h,원래 사람이 권력을 손에 쥐고 있을 때는 권력이 모래처럼 영원히 쥘 수 없다는 걸 모르고 살지
@user-lh2xv3ud6m,양삶소 생각에 가슴이 웅장해지네요
@jongwjin77,저작권이 되어있는건가여?
@HP-sv7oo,이 노래엔 자기혐오도 들어갈듯 내 성은 소금과 모래의 기둥으로 지탱되었다는 가사부분과 맨처음 내 한마디에 바다가 들썩였다는 부분... 모래성은 파도에 쉽게 부서지는데 본인이 들썩인 그 파도에 자신의 성이 모래성인지도 가늠하지 않은채 결국 엎어졌지 실수했던 자신의 과거를 탓해봤자 그건 자신이 불러온 재앙이고 화였다는 것을... 눈앞에 있는 바다보다 자신을 지키는 이 모래성에 돌을 덧대야했음을 왕들도 현재의 사람들도 모르고 있는 것 그것은 악을 뿌리치지 못한 자신도 오만을 행했기에 성베드로가 부르지 않고 자신을 구원받을 수 없다는 것을 너무 잘 아는듯
@LeeDanielYeol64,"이 고백이 진실하기때문에 열광하는 듯합니다.  진실은 알 수없고  베드로는 나를 부르지않을 것이지만,, 이것을 안다는 그 자체가 진실하기때문에 ... 마틴도 나도 그리고 우리도  알순 없지만 , 우리만의 최선을 다하여 사는 그 열정과 삶이 슾프지만  진솔해서 열광이됩니다 ㅎㅎ^^ 이사람 너무 멋찌네요 ~~~ 사랑할 만큼 ㅎㅎ"
@yuk1gumo_054,뮤비에 살짝 갈라진 그런게 맘에든다 옛날 오래된 종이에 써진이야기가 영상이된 그런느낌?
@korea-gurye,인생은허상이다 한순간 살다가더라도 값지게 살자! 미친개들한테나 신경쓰지 말고 사람을 위해 헌신하며 살길 노력해야지.
@user-gh6ck1yb2n,이거 무조건 콘서트영상 > 뮤비 > 마크영상 보러가야함;;;
@user-mn9kv1uv3y,조 새트리아니의 2004년 발표곡 If I could fly 를 완벽히 표절한 곡이더군요. 클라이막스 부분이 너무 똑같아서 놀랐습니다.
@user-gy2no7zi3q,개명작 ㅇㅈ
@wonder-chang,잘몰라서 그러는데 절망한 왕은 누구를 역사적 배경으로 두고 있는거에요???
@flow-rc1po,0:12 3:38
@user-hm7gq3is6e,이게 9년전 노래라니 요즘 나오는 왠만한 노래 다 씹어먹을 노랜데
@clpark6954,가슴이 웅장해진다는 말을 노래로 만들면 이럴 듯
@user-mt6ty5eg9h,2020.06.21
@user-tm8qz5bi3q,1:01 1:56 2:09
@Zxcczvcxzz,아~ 아아~ 비바라비다~ 우린 비다라비다~
@user-qo5mt6gk5f,또안녕
@OhNiceGood,마지막 장면 타노스가 이걸
@user-zo6wf8rl7g,노래가 스토리를 담고 있어. 마치 노래를 듣다보면 내가 시민혁명에 몰락하는 왕이 된 기분이야. 권력의 부질없음을 말하면서도 과거의 영광에 기대고 싶어하는 이제는 아무것도 아닌 나. 누구나 부러워 할 왕의 자리마저도 사실을 허울뿐인 거짓이었다 말하며 최후를 준비하는 모습에서 깊은 체념이 느껴진다. 동시에 힘있는 자의 최후의 모습에서 느껴지는 전율마저도 웅장함을 더해주네.  근데 문장에 의역이 많긴 하다.. 특히  1:26에 Once you go there was never never an honest word 이부분은 좀 심하게 다른문장이 된듯하긴함.... 어떻게 이게 니가 저 높은곳에 앉으면...이 되는거지... Once you go. there was never never an honest word 이렇게 문장이 되어야 하는거 같은데 there가 앞에도 걸리고 뒤에도 걸리게 해석한건가...?
@mankyukim9508,형 내한공연 와주라 제발ㅠㅠ
@user-zz3mu1mc8k,캬
@user-ny1fq8qr9e,다시 또 광장에 울려퍼지게될거같다
@Lil_Sion,예루살렘의 종소리 듣기좋다 ㅎ
@user-ip5rv5xq7y,프리다칼로...!
@JEJUGOLBANG,"🇰🇷🇰🇷🇰🇷🇰🇷🇰🇷🇰🇷  2022년에 듣고싶어 신청한곡   Jeju speakeasy music bar at 귀덕 07.2022 song requested Would the requestor be lucky enough to spot this comment? Finger crossed    제주 귀덕골방에 손님이 신청해주신 음악입니다.  음악은 추억이 아닐까요 누군가에 신청곡으로 첨 듣는 음악을 듣게 되고 어디선가 그음악을 또 듣게 되면 아! 골방에서 들었던 그노래  이런 추억을 다른이에게도 만들어주셨내요  누군가 듣고싶어 신청해주신 이노래를 만들어주신 작사,작곡, 편곡자분들과 불러주신 가수분에게  정말 감사합니다.   제댓글이 많아 불편하셨다면 정말 죄송합니다.  하지만 제 댓글이 많다는건 이노래를 신청해주신 분들이 많다는거에요  그시간에 신청해주신 분이 이댓글을 보신다면 행복해 하실꺼라는걸 알거든요  그래서 신청곡이 들어올때마다 댓글을 남겨드리고 있어요  그시간에 소중한 신청곡 정말 감사합니다.  골방을 하면서 정말 모르고 있던 좋은 음악들을 많이 듣게되어 행복합니다.     22년   07월 15일 9시타임 어느 손님의 신청곡️."
@user-ct2yk2vw2o,2018 08 02 ️
@fewoo1234,우리나라는 아이돌 노래 뿐임 이런 노래도 그리움
@user-gn8cu4yc3s,가사 멋짐 표현하기 힘들정도로
@user-fk7xm2gx2w,우리나라의 비운의왕 고종이 떠오르네요
@ariteo8344,저거 샤를 10세 입장에서 부른건가요???
@user-id8iy4rz8o,0:43 마지막에 다이스라는데 주사위를 굴렸다 이소리하던데
@TuckSuri_0521,"말로는 설명 할 수 없지만,  몸이 반응해"
@user-lx1jn8iy1o,권력을 널리 인간을 이롭게 하는 방향으로 쓰지 않는자의 결말...
@user-cw4vf3qw7m,1:10
@user-et8nd7sj4d,"몰락한 독재자의 노래에서 경이로움과 희망, 가슴뛰는 흥분을 경험하는 아이러니."
@user-xl4gj8cz5t,노래가 지리는 것도 맞지만 번역도 지림ㅋㅋㅋ 그녀석 이였다면ㅋㅋ
@user-qu1zh6db2s,이거 프랑스 혁명의 루이 16세 입장에서 쓴 가사랍니다 오늘 영어 선생님이 이분 내한 오실때 가셔서 이거 부른거 보여주셨는데 완전 레전드더라고요 ㅎㅎ
@user-hd5ys1cl1p,이거 8년전 노래..
@youtube-offcial,"EBS교육 및 강의, 교양프로그램, 군대 정훈교육영상들의 오프닝 단골 곡, 노래는 좋으나 이 노래가 나오면 항상 졸리거나 시작도전에 지겨워짐 ㅋㅋ"
@matt3702,유명한 영국밴드는 특유의 제스처가 있네요 프레디 머큐리는 펀치 제스처 마틴은 북을 치는듯한 제스처 비틀즈는 뭐가 있을까요?
@user-mj3ur2wj7i,00:16
@revolutior5898,콜드플레이가 다음에 다시한번 내한온다고 약속했으니 기다려봅시다! 참고로 전 콜플대신 그린데이가 오면 더좋겠지만..
@user-kz7dh9yb4w,콜드픈레이좋아요구독해주세요
@user-cw4vf3qw7m,3:14
@user-gn1gi8qy9u,가사가 기가 막힌다 그와중에 살고싶어 하네
@user-cw4vf3qw7m,3:15
@korean_citizen,배경에 은근히 프랑스 혁명 그림나오는거 와...
@Gundgod,2:08
@DanMuziiiiiiiiii,"I used to rule the world 난 세상을 지배했었네 Seas would rise when I gave the word 바다도 내 명령에 물러서곤 했지 Now in the morning I sleep alone 이젠 아침에 홀로 잠들고 Sweep the streets I used to own 내 것이었던 거리를 청소하네  I used to roll the dice 내가 진군을 명령하면 Feel the fear in my enemy's eyes 적들은 두려움에 떨었건만 Listen as the crowd would sing 이제 백성들의 노래가 들리네 ""Now the old king is dead! Long live the king!"" ""폭군이 죽었으니 새 왕께 만세!""  One minute I held the key 열쇠를 쥐고 있던 나 Next the walls were closed on me 이젠 방에 갇힌 신세 되어 And I discovered that my castles stand 이제야 깨닫네 나의 성은 Upon pillars of salt and pillars of sand 소금과 모래로 된 기둥 위에 서 있음을  I hear Jerusalem bells a ringing 예루살렘의 종소리와 Roman Cavalry choirs are singing 로마 기병대의 합창이 들리네 Be my mirror, my sword and shield 내 거울과 검과 방패가 되어 주오 My missionaries in a foreign field 이방의 내 선교사들이여  For some reason I can't explain 말로 설명할 순 없지만 Once you go there was never 저 높은 곳에 앉으면 Never an honest word 진실함은 존재하지 않네 And that was when I ruled the world 내가 통치하던 그때처럼  It was the wicked and wild wind 그 악하고 거세던 바람 Blew down the doors to let me in 날 그 문으로 밀어넣었네 Shattered windows and the sound of drums 창문이 부숴지고 북소리가 들리고 People couldn't believe what I'd become 나도 날 감당할 수 없었지  Revolutionaries wait 혁명가들은 기다리네 For my head on a silver plate 은쟁반에 올려진 내 머리 Just a puppet on a lonely string 외줄에 매달린 꼭두각시여 Oh who would ever want to be king? 그 누가 왕이 되고 싶어 하려나?  I hear Jerusalem bells a ringing 예루살렘의 종소리와 Roman Cavalry choirs are singing 로마 기병대의 합창이 들리네 Be my mirror, my sword and shield 내 거울과 검과 방패가 되어 주오 My missionaries in a foreign field 이방의 내 선교사들이여  For some reason I can't explain 말로 설명할 순 없지만 I know Saint Peter won't call my name 성 베드로가 내 이름을 부르진 않겠지 Never an honest word 진실함은 존재하지 않네 But that was when I ruled the world 내가 통치하던 그때처럼  I hear Jerusalem bells a ringing 예루살렘의 종소리와 Roman Cavalry choirs are singing 로마 기병대의 합창이 들리네 Be my mirror, my sword and shield 내 거울과 검과 방패가 되어 주오 My missionaries in a foreign field 이방의 내 선교사들이여  For some reason I can't explain 말로 설명할 순 없지만 I know Saint Peter won't call my name 성 베드로가 내 이름을 부르진 않겠지 Never an honest word 진실함은 존재하지 않네 But that was when I ruled the world 내가 통치하던 그때처럼"
@user-bk2fc3sv3g,첨 앞부분들었을때 우리나라 응원가인줄 ㅎㅎ
@user-jf5rl6mw8f,영원함은 없다. 삶의 정점을 찍으면 언젠가 최저점으로는 돌아가는 희비가 섞인 인생.
@user-qk8te3ur6y,2021/5/15 1:10 출석체크하고 간다
@Stevan-ll9fr,완존 내노래네~~
@user-rh9cx9rp5w,비바라비다
@user-vx2pj4xm2z,하..초딩때 마인크래프트 하던 시절 기억나서 울것같다.......시간 너무 빠르네 ㅠㅠ
@si-qo2qt,비디오가... 조회수 10억은 거뜬 했을텐데...
@iami4720,노래에서 이야기하는 왕은 샤를 10세인거 같네요. 샤를 10세는 루이16세가 처형된 이후 들어선 공화국에서 로베스피에르가 실각하면서 제정복고된 프랑스 왕국 부르봉왕조의 2번째 왕이었습니다.  그는 전제군주제를 확고하게 하려하다가 결국 반대파들에 의해 7월혁명이 일어나고 입헌군주제의 군주직 제의를 받았는데 이를 거절하고 외국으로 망명가서 죽었습니다. 한때 그를 왕으로 만들어준 사람들에 의해 물러나게 된 것이죠.     + 다시보니 앨범커버의 그림이 7월혁명을 표현한거네요.
@user-kq2yj9ox2l,이노래는 해석하는게 다다른가여??
@keroro5.555kg,내한왔을때 간 사람들 부럽다ㅠ
@MINJUNE0908,뭔가 이 노래를 들으면 근자감이 생긴다
@user-mr7ce2xl4m,노래가 희망찬 비트여서 뭔가 기분이 이상하면서도 외롭고 슬픈... 되게 묘하다 이미 다 끝나가는 전쟁에  천사들이 자길 버리고 오히려 천사가 데려가는 다른 사람들의 행복인 듯한? 아마도 그게 저 왕의 시대가 끝나버리는 거겠지
@ff_gg-fm9db,왤케 알고리즘에 뜨냐;;
@user-zg8le4jc9g,0:00
@user-yt1qg7nt7e,ㅋㅋㅋ 갓 콜드플레이 503번 닭죄수 예언 지렸다 ㅋㅋㅋ
@user-bz3cn3xm3t,우린 비바라비다~
@jky780,뮤비볼때마다 느끼는건데 신동훈같은애들이 패러디하면 웃길듯ㅋㅋㅋ 팔움직이는게 경쾌함ㅋㅋ
@fd6302,2020
@300mm4,중간에 Saint.Peter라는 말이 들리는데 성 베드로라고 번역되있네요. 몰라서 그러는데 둘이 동일인물인가요?
@user-cf8lq8ej1m,이 노래를 지금들어서 죄송합니다 ...
@user-xr7tj5tf6h,명곡은 유행을 타지 않는다는 걸 보여주는 증거
@kimse93,싫어요수가 ㅋㅋ 말도안되게 적네 그럴수밖에..
@seosanghyeon,이건 영상을 보면 안돼겠다 감동이 다 날라가네
@milll2963,말로 설명할 순 없지만 저 높은 곳에 앉으면 진실함은 존재하지 않네 내가 통치하던 그때처럼
@hyangdanLEE,노래가사나 뮤비가 중세유럽이나 르네상스 시대같은 느낌
@Hathaway-pu3yi,인간 클라스 가사가 아니다 저건 진짜 아니 어케 가사를 저렇게 쓰냐 진짜로
@user-fm5gp7vq7x,처음에 나오는거 목구멍인줄알고 놀랬던기억이
@user-sg1pk8dx7l,이게 어떻게 10년 넘은 노래냐
@user-rk4gi7wj4x,라이토군...
@user-wd9wk3ce7x,"0:43때 I used to roll the dice가 ""난 주사위를 굴리곤했지""가 아니고 ""내가 진군을 명령하면""이에요?"
@user-jf6nt7lm6l,혁명 이후 더이상 민중은 왕정을 지지하지 않았고 이는 그 기반이 가사에도 나왔던 소금기둥으로 변했다는걸 의미함 결국 그 위치를 지켜주던건 군사력인데 그 군사력이 알제리로 빠져나가는 순간 혁명ㅋㅋ
@ljh97416,아놔 자꾸 바캬야로이드버전이랑 겹처서들려..van van van
@user-db1or5vj4b,가사는 안들어봤는데 bgm은 뭔가 들어본 느낌?
@user-qz4ry4wp7h,근데 번역이 조금 의역한 거 같은데 맞나여?
@user-ex8ge4so8p,프랑스 혁명
@boring6488,야가미 라이토오오오오
@GOD-be7py,근데 제목 뜻이 뭐에요?
@Kimseokgyoo,네이버에 있는거 보다 이분이 한게 더 매끄럽다는 생각이듬 뭔가가
@user-sn7qc9gt3p,몰락한 왕의검.... 먼가 묘하네
@user-lr5we7qw4w,나폴레옹이라면 ... 지금까지 승승장구 했던 모든 일들이 한 줌의 재가 된듯한 인생을 표현한 노래같네요
@kevinhyun8416,챔스언스리그 결승할때 부르면 쥐기겠다 정말 ㅋㅋㅋ
@HAECHO2616,"예루살렘, 로마, 갇혀있다 라는 자막을 보고 벤허가 떠올랐다"
@matt3702,3:43 운이 좋지 않게 타노스에게 모두 삭제당한 그룹
@wujingim297,"Woah, oh, oh-oh, oh Woah, oh, oh-oh, oh Woah, oh, oh-oh, oh Woah, oh, oh-oh, oh  I used to rule the world Seas would rise when I gave the word Now in the morning I sleep alone Sweep the streets I used to own  I used to roll the dice Feel the fear in my enemy's eyes Listen as the crowd would sing ""Now the old king is dead! Long live the king!""  One minute I held the key Next the walls were closed on me I discovered that my castles stand Upon pillars of salt and pillars of sand  I hear Jerusalem bells are ringing Roman Calvary choirs are singing Be my mirror, my sword and shield Missionaries in a foreign field For some reason I can't explain Once you go there was never Never an honest word That was when I ruled the world  It was the wicked and wild wind Blew down the doors to let me in The shattered windows and the sound of drums People couldn't believe what I'd become  Revolutionaries wait For my head on a silver plate I'm just a puppet on a lonely string Oh who would ever want to be king?  Now I hear Jerusalem bells are ringing Roman Calvary choirs are singing Be my mirror, my sword and shield Missionaries in a foreign field For some reason I can't explain I know Saint Peter won't call my name Never an honest word That was when I ruled the world  Woah, oh, oh-oh, oh Woah, oh, oh-oh, oh Woah, oh, oh-oh, oh Woah, oh, oh-oh, oh Woah, oh, oh-oh  I hear Jerusalem bells are ringing Roman Calvary choirs are singing Be my mirror, my sword and shield Missionaries in a foreign field For some reason I can't explain I know Saint Peter won't call my name Never an honest word That was when I ruled the world  Woah, oh, oh-oh, oh Woah, oh, oh-oh, oh Woah, oh, oh-oh, oh Woah, oh, oh-oh, oh Woah, oh, oh-oh, oh Woah, oh, oh-oh, oh Woah, oh, oh-oh, oh Woah, oh, oh-oh, oh"
@user-cq5bf1mz7q,대체 한글자막 씌웠는데 음질열화는 왜있는거냐..?? 유튭 원본이랑 차이 너무 심한데?
@user-jq5ys7hf8m,프랑스혁명 배경인가보네요
@user-ty2vn5mv7z,중세시대가 보이네 노래에서 ㄷ ㄷ
@Makerreview,"가사를 보니 몰락한 왕이 곧 독재자였음을 알 수 있네. 독재정권이 무너져 내리고 왕은 통치권을 잃고, 자신이 과거에 누렸던 권력과 속마음 한켠으론 내가 언제 곧 죽을지도 모른다는 두려움도 내포하고 있고. 그와는 또 상반되게 독재자가 사라졌으니 이제 다시 새로운 왕이 탄생할 것이라는 국민들의 희망이 담긴 듯한 힘찬 멜로디가 예술 그 자체."
@user-hm4sw1tz8z,번역가 보고 들어옴
@Plain-sf4st,3:43 ???:내가 손가락을 튕기면 지구의 절반이사라지지
@SuperGoodlee,세상 뒤엎을때가 온거 같음
@user-fq3uk5we2h,유정 이다!!!
@user-hu7lx7rj7s,뭔진 모르겠지만 췄네 멋있음 댓글을봐도 수만가지 상상이 다나옴 ㅋㅋ
@andante8699,대체 뮤비는 누가 기획했을까
@purepurity32,황석희는 전설이다
@qwqwwewe10,누가 그랬었는데 이노래가 라떼는말이야를 간지나게하는거라고
@user-nw1pw4ju4i,갓건배 영정
@1l1l1l31l,나폴레옹이 생각나는 노래
@user-ly6ot3yw6r,이 노래 배경이 뭔가요?
@eksql729,문명 하면서 듣기 좋은 곡
@user-xi4zh1wx2z,가사가 중세 서양 그 자체다
@lasvegas7175,"이제보니 알겠는데, 뮤비 뒷 배경이 들라크루아의 '민중을 이끄는 자유의 여신'이었군요ㄷㄷ"
@RickSpeed-kt3ci,https://youtu.be/dvgZkm1xWPE 9년전 이라죠 ㅇㅅㅇ
@SP-kg3gr,한때 황제로써 온 중국을 지배했지만 이젠 일개 인민으로써 정원을 쓸쓸히 청소하는 청나라 마지막 황제 푸이...
@love_hyen6021,몽환적인게 자꾸 듣네
@Hwahyun_Kim,지금 푸틴에게 가장 들려주고 싶은 노래 1위
@user-kt2fq1mn7m,이 영화 왤케 빨리끝나냐?
@youngsoolee3307,"시간이 흘러도 퇴색되지 않는 명곡! 연산의 시점에서 ""홍연""을 만든 안예은이 떠오르네..."
@moonshadow1177,이 노래를 들을 때 마다 요한계시록에서의 아마겟돈에서의 전투가 떠 올려진다.
@user-mp6jo2gq1o,ㅗㅜㅑ ㅗㅜㅑ...
@user-vm4bk9gu4h,2:11 ㅋㅋㅋㅋㅋㅋ 순실이의 꼭두각싴ㅋㅋㅋㅋㅋ
@GIACOMO_LEVI,아 왕 목은 뎅강이 국룰이지ㅋㅋㅋ
@user-kk5lt9be9u,2019
@user-jw4jo6uy6d,제발 재내한해죠
@user-game_broken_head,왕과 귀족에게는 죽음의노래고 혁명가들한테는 꿈의노래다.
@jakekim1514,짐바브웨의 무가베에 이 노래를.
@youtubealgorithm4930,지금보니까 마지막 타노스네
@hanjungcho507,이거 예전에 jtbc에서 틀었는데 노렸네
@Cha_rub,이걸 타노스가 또..;;
@minseongkim626,은쟁반 위의 머리는 단두대로 죄수들의 사형 집행된 머리를 말합니다
@user-jt8fd6gm9i,공주님을 석방하라....!
@maybe355,뮤지컬 속 노래 같음
@mayber8157,크리스 마틴은 분명 이렇게 여러 해석이 나오는 걸 바랬을 거야
@dhwlatjr289,님들이거추천해주세요그리고좋아요눌러주세요꼭
@user-qt8hi1ry2x,doogdoog
@user-dy8sn2dz6k,나폴러옹이야기같다
@user-ql6wz2kj7x,앤트맨 이 사람이 번역하자
@seungwookim9062,마지막에 콜드플레이도 결국 타노스한테...
@user-oq2mn9mm9o,근데 Viva La Vida 가 무슨 뜻이죠?
@johnnysteel5207,해석이 좀...
@user-qh7rq1et8b,이거 2007년작?
@user-dl4gs4fp1f,"I used to rule the world Seas would rise when I gave the world Now in the morning I sleep alone Sweep the streets I used to own  I used to roll the dice Feel the fear in my enemy's eyes Listen as the crowd would sing Now the old king is dead, long live the king One minute I held the key Next the walls were closed on me And I discovered that my castles stand Upon pillars of salt and plillars of sand I hear Jerusalem bells a-ringing Roman cavalry choir are singing Be my mirror, my sword and shield My missionaries in a foreign field For some reason I can't explain Once you'd gone there was never Never an honest word And that was When I ruled the world  It was the wicked and wild wind Blew down the doors to let me in Shattered windows and the sound of drums People couldn't believe what I'd become Revolutionaries wait For my head on a silver plate Just a puppet on a lonely string Oh who would ever want to be king? I hear Jerusalem bells a-ringing Roman cavalry choir are singing Be my mirror, my sword and shield My missionaries in a foreign field For some reason I can't explain I know saint peter won't call my name Never an honest word But that was  When I ruled the world  I hear Jerusalem bells a-ringing Roman cavalry choir are singing Be my mirror, my sword and shield My missionaries in a foreign field For some reason I can't explain I know saint peter won't call my name Never an honest word But that was When I ruled the world"
@user-rm7mu6xn5o,그러게 니아버지권력믿고 왜그렇게 악한자들과 어울려다녔니 주께서 니가 반성하고 풀려나게해주시길 바란다
@_kr5697,PUT TEA IN 듣고 있나? 이미 곡은 연주중이다
@TryHardMakesDifference,'Ruin'
@robertgarcia1585,펨코만세
@lovealdb4,황석희라 들어왔다
@NagiHolic,영어도 같이 나오지 아쉽네
@user-rq1ig5ck1q,들을때마다 나폴레옹이 생각난다
@user-es9yb3xf6j,송지윤!! 지바야
@user-vv5ok4fc4s,저 빡빡이 아재 언제봐도 좋네
@user-ro8xx4jt5u,가사가 무슨 저리도 서사적이고 웅대하노.
@moonkai5708,이거 뮤비 마지막에 인피니티워 예언이라한 댓글 어디감ㅋㅋㅋㅋㅋㅋㅋㅋㅋㅋㅋㅋㅋㅋ
@Yru2me,성 배드로 = 천국의 문지기
@illlilillli,"I used to rule the world Seas would rise when I gave the word Now in the morning I sleep alone Sweep the streets I used to own  I used to roll the dice Feel the fear in my enemy's eyes Listened as the crowd would sing, ""Now the old king is dead! Long live the king!"" One minute I held the key Next the walls were closed on me And I discovered that my castles stand Upon pillars of salt and pillars of sand  I hear Jerusalem bells a-ringing Roman cavalry choirs are singing Be my mirror, my sword and shield My missionaries in a foreign field For some reason I can't explain Once you'd gone there was never Never an honest word And that was when I ruled the world  It was a wicked and wild wind Blew down the doors to let me in Shattered windows and the sound of drums People couldn't believe what I'd become Revolutionaries wait For my head on a silver plate Just a puppet on a lonely string Oh who would ever want to be king?  I hear Jerusalem bells a-ringing Roman cavalry choirs are singing Be my mirror, my sword and shield My missionaries in a foreign field For some reason I can't explain I know St. Peter won't call my name Never an honest word But that was when I ruled the world  Oh, oh, oh, oh, oh, oh [5x]  Hear Jerusalem bells a-ringing Roman cavalry choirs are singing Be my mirror, my sword and shield My missionaries in a foreign field For some reason I can't explain I know St. Peter won't call my name Never an honest word But that was when I ruled the world"
@xtinct77able,유일신을 믿는자들이여
@bringgettosummer558,외국은 반주가 굉장히 독창적인게 많은거   같음..
@user-mb9be2hr8g,김태완 등장곡
@user-df4vf1py5e,???: 저 몰왕갈께요
@user-wc1mk9xt7e,이 노래가 나랑 1살차이임 (동생) ㅋㅋㅋㅋ
@user-ng1jm3ko3n,그냥들어도좋고 제국주의를 배우고들으면 또다르게들림 이노래는 대체..
@user-chichi,다른 노래 들과 드르게 암울한 소재인데 이렇게 발랑할수가 있구나... 세계를 평정 했던 몰락한 왕이 죽기전에 자신의 전성기를ㅖ 회상하면서 신났던 기분을 표현하고 권력을 내려놓기 싫은 마음을 표현한고같네요 예술은 해석에 따라 다르다고 생각해서 그냥 편하게 본인 생각하시대로 해석하기면 될거같아요 다른분들한케 강요하시지는 마시고
@user-lw9zr8nq8h,머리 내미는거 진짜 웃겨
@back_again2023,근데 여기 댓글들 보니까 이 갓노래를 박근혜를 생각하며 노래를 들으래; 생각하면 기분이 묘해지는데 왠지 가사가 존나 딱 맞음 ㄹㅇ
@user-xw7yd3wb5k,인류가 지구에 사는게 비디오 게임이라면 이 곡은 그 게임의 엔딩크레딧이다.
@blackdragonangrycat,"여담으로 Viva La Vida는 프랑스어가 아닌 스페인어로서 프리다 칼로의 마지막 유작 이름이기도 한데 사실 그게 중요한게 아니라 프리다 칼로는 골수 빨갱이(공산주의자) 였다는거... 그것도 맑스-레닌파였다고 (제목까지도 참으로 혁명적이야)"
@user-oq1qi6oe5f,당신들은 제국주의 때문에 좋을순있다고 인정하지만 개x도 모르는 내가 들어도 좋으면 당신들은 얼마나 좋겠어 기다려 한국인이 당신들의 음악세계를 점령할거니까 ㅅㅂ 매번들어도 좋아 어째
@kikuj6132,은쟁반에 머리라는 표현으로 누굴 가리킨건지 알려줌...
@user-qz5fv5uj3k,개쩌는 노래와 대비되는 저 해괴한 춤은 도당체...
@MyGomdi,I want 작곡자는 무슨 깡으로 이 노랠 베꼈을까...펩시에서 광고가 들어왔는데 돈은 받았고 마감은 다가오고..악상이 안 떠올랐나?
@user-fl7gg5xk7y,난 애국자 지만 어찌보면 일본인들의 마음을 말하고 있을 지도... 물론 일본인 입장에서본다면 모든 역사를!
@sangfeelryu9618,뮤비 마지막에 어벤져스에서 타노스 핑거스냅 받아서 사라지는 건가?
@user-ro7hn6ym3b,가사가 거의 차이코프스키급인데?
@user-tt6cb2fw1c,마지막에 타노스가 핑거스냅하네
@1duk,부르는사람: 영국인 노래가사: 영어 내용: 프랑스혁명
@NEW-nc5wp,왕이 이 노래 한 번 더 불렀으면 다시 통일하겠네
@kim_nemu8711,이거보면 루이 16세가 생각난다.. 덧없이 피어나고  자기가 계획한 단두대에 처형당한 비극의 사나이
@user-cy2qu9xs1n,이 노래좀 해석해주세요 .......
@user-ho5wt8ed9h,예루살렘에성을지키길
@user-pk7yk6ct6t,생존자를 찾지마라 그들은 우리곁에있고 언제나 떠난적이 없다.
@user-on4wx3xj5t,진짜 우리나라 대통령들한테 들려주고 싶은 곡이다…
@user-cc8qb5rp7h,"베드로에 대한 의미가 있는듯한데 마태복음 묵상해본 결과 마태복음에 자세히 나와있습니다 어디구절인지 까먹어서,, 결론적으론 베드로는 예수님을 3번 부인 했었지만 베드로는 다시 돌아서고 거꾸로십자가형을 받았습니다."
@ssssss7112,번역 ㅋ
@user-fg9ow1kf2c,"바다도 잠잠하게 하고 예루살렘의 종소리, 여러가지 가사내용에서 주인공이 예수님일수도 있겠네요"
@mgson6465,JTBC 뉴스룸에서 2017년 1월 3일 박근혜를 무지하게 깐 후 이 노래를 방송했다.
@whoyou5795,이게 가사 뜻이 내가 지배할때처럼<<<이거보단 내가 지배할때라면<<<이라고생각하면 희망찬노래임 내가 알던왕은 지났고 새로운왕 예수를 섬기게된거고 마지막에 베드로가 이름을 부르지않을거다 진실된말을 하지않을거다<<<이름을 부르지않으면 천국에 가지못함 거짓말쟁이들도 마찬가지 그런데 마지막에 오는말이 내가 지배하던시절이었더라면으로 마무리지어서 내가 원래살던대로 내가 내세상을 지배하고살았더라면 천국에 가지못하지만 예수님한테 굴복되서 내뜻대로사는게아니라 하나님뜻대로 살게되어서 천국에 갈수있게됬다 이런뜻임 그래서 죽은왕같은느낌이 드는거고 내세상의 왕이 나였는데 하나님으로 바뀌는노래ㅇㅇ
@user-ec7ze9xd5h,"""궁예 인생"""
@pskwu83,이거 마인크래프트때 많이 들었는데....
@user-ov4ym3zr4t,"저는 이 노래를 14세기에 로마 가톨릭의 교황이였던 레오 10세의 노래라고 생각합니다.   "" 난 세상을 지배했었네. 바다도 내 명령에 물러나곤 했었지"" 라는 가사는 한때 국왕보다 더욱 강력했던 교황의 지위를 뜻하며,   "" 내가 진군을 명령하면 적들은 두려움에 떨었건만. "" 이란 단어는 프랑스와 이탈리아 간에 발생한 전쟁을 뜻합니다. (레오 10세가 이 전쟁을 도왔음.)   "" 백성들의 노래소리가 들리네. 폭군이 죽었으니 새 왕께 만세! "" 는 레오 10세의 무리한 전쟁으로 교황청의 자금을 거덜내고 빚을 갚으려 사제직과 면죄부까지 파는 부패한 행동에 백성들에게도 원망을 산 레오 10세가 말라리아(독살이란 설도 있다.) 로 죽자 사람들이 기뻐하는 것을 뜻합니다.   또 "" 열쇠를 지고 있던 나 "" 는 면죄부를 팔아먹었던 레오 10세를 천국의 열쇠를 가지고 있는 성 베드로에 비유한 겁니다.  "" 예루살렘의 종소리와 로마 기병대의 합창 소리가 들리네. "" 는 죽어가는 레오 10세의 모습을 예수가 본시오 빌라도에게 잡혀가기 직전 기도를 하면서 자신의 죽음을 매우 두려워 했던 것으로 비유한 겁니다.   "" 저 높은 곳에 앉으면 진실함은 존재하지 않네. "" 것은 교황이라는 가장 높은 지위에 오르니 욕심에 눈이 멀어 자신의 지위에 대한 책임감과 신앙심은 존재하지 않다는 소리입니다.  "" 성 베드로가 내 이름을 부르진 않겠지. "" 레오 10세가 자신의 죄악을 돌아보며 회개할 수 없는 큰 잘못을 저질렀다는 것을 깨닫는 순간을 뜻합니다."
@Seuganim,진짜 번역 잘했다... 박모씨랑 클라스 차이 오지네
@user-pj5kq3np5s,노래는 개띵곡인데 ebs에서 하도 브금으로 우려먹어서 들으면 ebs생각나네ㅅㅂㅋㅋㅋㅋ 아 안되는데
@user-wn8ed4mm8x,살려주고 쫓아낸게 어디임 ㅋㅋㅋㅋ  보통 조용히 살해당하거나 성대하게 처형당하거나 둘중 하나인데
@4-wd435,그 대통령 생각나네
@SH-hq6pp,아 이 노래 들을 때마다 ㄹ혜 생각날것같아 이
@mylovelylifeel,뮤비빼면 완전체명곡
@user-vy2bj1tf1d,예술을 만들었다기보단 걍 종교를 만든거 같음 걍 한마디로 싸발적이고 싸버릴거같음
@HotFarmGirl,음악하던 분에게 얘기를 들었는데 우리나라 가요 수준은 한참 멀었다고 했음. 노래를 만들때 사랑얘기가 아니면 못 만든다고. 근데 미국 노래들은 사랑따위 안 집어넣어도 노래를 만든다고. 그래서 한국가요 수준은 엄청나게 수준이 낮고 멀었다고 함. 심지어 그 일본조차 사랑얘기가 안들어가도 충분히 좋은 노래를 많이 만듬.
@user-hm1bn5kk3w,진심 이 노래 가사 이해 되시는 분...이거 무슨 겜 내용 베이스로  써진 가사인가요?..
@user-hy4dg5km1p,세례자 요한 같음
@user-uj2zs3gf1s,프랑스 민주화가 생각난다 ㄷ
@Le-ly3jo,가사가 너무 익숙한대?? 마치 누구처럼
@No_Malicious_comments,3:42초부터 인피니티워랑 개똑같네
@Hakuren2077,피바람이다 ㅈㅅ
@miasan49er,누가봐도 나폴레옹 얘기네 프랑스 혁명으로 집권한 컨셉부터
@nickn1991,"영국어, 독일어, 프랑스어 모두 제루살렘이라는데 왜 제루살렘임?"
@fromcmk33,자기가 인심쓰듯 모두갖다바침 .여자까지
@wawawawa1684,가사15지네;
@nonickname480,파맛수호 독재타도 체키독제 규탄한다
@user-nb5ss4dy8l,이거처음에 무너진왕국 뮤직비디오로들었는데
@user-mu1yv3vw4n,왕의빙의가 대서 가사를 썻나보다.
@user-yq3wi5ps2g,부패한 권력자들이 몰락하는 현 시점과 정말 닮은 노래이다
@user-cq8uv9rm2g,너무 의역인데;
@user-vf1ve9nh1w,노래가 조금아쉬운게 예루살렘의 목소리와 로마 기병대의 합창이들리네 그부분 다음으로 좀 뻥터지는 부분이 있으면 더좋을꺼같다는생각을 들을때마다 느낌
@user-hp3gt7dz2t,사형당하기 전에 이 노래 부르면서 사형당하면 좋을듯
@user-uy2pu2it4y,박 전 대통령 테마곡
@JY-on1jn,왕을 쫓아내고 그 자리에 앉았으나 결국 자신도 목이 잘려 은쟁반에 올라가버리는...  이게 그들이 말하던 탄핵송인가? 이제와서야 진의를 알겠다.
@user-kn6dy4ow1h,김구 선생의 ‘내가 원하는 우리나라’를 공부하고 갬성충전하고 온 중2입니다.
@user-jz2ew1ew9z,"찬솔이  소리가  더  좋은데  지식이   부족햇네.  아깝다   자작을  피해서야  되는데 ,,,,어정쩡함"
@user-ew6rp5fs4o,이거 팝송 아니면 교회 노래예요
@user-nb6wl2vf3u,한국과 비교된다.
@user-yw1tz8se3t,콜드플레이도 결국 타노스에게 당했군...
@user-je9ix5fp6b,멜로디와 맞지 않는 가사 ㅋㅋㅋㅋ
@janggyulim4633,어리석은자들이여 기독교와 카톨릭이겠는가 현실의 사람들은 정말 사랑하지않는가? 답답한 마음은 같지만 존재는 나와 너일뿐 상상할 필요없다
@dm2dd3,다까끼 쫒겨나는날 난 이노래를 틀고 기뻐했지 ㅋ.ㅋ
@user-xu3un2eo2c,모르겠고 문과 우승인거지?
@KI_sung,우리나라 정치를 예기하는거 같네
@NOVA-bn5uu,영어를 몰라서 음만 들었는데 자막보니까 종교에 뜻이 강하네..
@r2b825,이 노래를 503에게 들려드립니다
@user-sg8ro4ox3j,완전 박근혜 이야긴데 ㅋㅋ
@Iamchoihyeok,뮤비만 좀더 잘만들엇으면 좋앗을텐데;
@user-or8hp8jj2r,탄핵찬가
@user-qw2iq9xw5p,뮤비존나웃기네 ㅅㅂㅋㅋㅋㅋㅋㅋ
@user-ou6fc6hs2x,정부가 잘하자!!!!!!!!
@user-vx8mn7pn2t,바꾸네 띵곡 이지
@user-xg8ec3mw4m,아나 뮤비 개웃기네 ㅋㅋㅋㅋㅋㅋㅋㅋ 왜케 둠칫대
@user-xe1ty7pr3p,몰락한 닭
@user-ip3eo6zk8t,이게 10년밖에 안됐다고? 뮤비만 보면 한 30년은 된줄
@user-ps9ks3yh5y,근혜랑 손잡고 만든곡이네
@looabj3700,기독교랑도 연관이잇는듯..
@BitchDontKiIlMyVibe,이 노래 전에 표절논란 많이 받았는데 편곡인가요 표절인가요?
@user-mh9rm7yp6z,난 내한그닥이였는데 메탈리카님 그립습니다..
@user-qn3su1ir6t,이거 마인크래프트 무너진 왕국에 나온 노래네
@ramont2489,지금보니깐 촌스럽다
@IDBH,팔 휘적 휘적 거리는거 깝죽되는 친구 같은데 노래가 너무 좋으니까 안 웃기네
@hee1767,제국주의 향수를 부른 노래로 밖에 안들림
@user-by4ts8wr9b,박근혜 노래
@user-mg3ib6nw8p,박근혜인가?
@davedave8540,담배좀 끊어라 보컬 라이브 존나못하더라
@chucky100,어릴땐 마인크래프트 뮤비에서 처음 듣고 그저 그랬는데 이젠 박근혜생각나네
